SISTEMA,CIA,PRODUCTO,PRODUCTO_CIA,TARIFA,FEE,P1,P2,P3,P4,P5,P6,P1.,P2.,P3.,P4.,P5.,P6.
PENINSULA,ACCIONA,FIJO,CIERZO,2.0TD,-,0.0881206575342465,0.0195702191780821,0.0,0.0,0.0,0.0,0.355703,0.304626,0.265992,0,0,0
PENINSULA,ACCIONA,FIJO,LEVANTE,2.0TD,-,0.071682301369863,0.0031318630136986,0.0,0.0,0.0,0.0,0.366868,0.315791,0.277157,0,0,0
PENINSULA,ACCIONA,FIJO,LEVANTE+,2.0TD,-,0.082641205479452,0.0140907671232876,0.0,0.0,0.0,0.0,0.366868,0.315791,0.277157,0,0,0
PENINSULA,ACCIONA,FIJO,PONIENTE,2.0TD,-,0.071682301369863,0.0031318630136986,0.0,0.0,0.0,0.0,0.360778,0.309701,0.271067,0,0,0
PENINSULA,ACCIONA,FIJO,PONIENTE+,2.0TD,-,0.0771617534246575,0.0086113150684931,0.0,0.0,0.0,0.0,0.360778,0.309701,0.271067,0,0,0
PENINSULA,ACCIONA,FIJO,TRAMONTANA,2.0TD,-,0.0716821917808219,0.0031318630136986,0.0,0.0,0.0,0.0,0.355703,0.304626,0.265992,0,0,0
PENINSULA,ACCIONA,FIJO,TRAMONTANA+,2.0TD,-,0.0744220273972602,0.0058715890410958,0.0,0.0,0.0,0.0,0.355703,0.304626,0.265992,0,0,0
CANARIAS,ACCIONA,FIJO,CIERZO,2.0TD,-,0.0881206575342465,0.0195702191780821,0.0,0.0,0.0,0.0,0.356437903,0.305364053,0.266743763,0,0,0
CANARIAS,ACCIONA,FIJO,LEVANTE,2.0TD,-,0.071682301369863,0.0031318630136986,0.0,0.0,0.0,0.0,0.367602903,0.31652905299999995,0.27790876299999995,0,0,0
CANARIAS,ACCIONA,FIJO,LEVANTE+,2.0TD,-,0.082641205479452,0.0140907671232876,0.0,0.0,0.0,0.0,0.367602903,0.31652905299999995,0.27790876299999995,0,0,0
CANARIAS,ACCIONA,FIJO,PONIENTE,2.0TD,-,0.071682301369863,0.0031318630136986,0.0,0.0,0.0,0.0,0.361512903,0.31043905299999996,0.27181876299999996,0,0,0
CANARIAS,ACCIONA,FIJO,PONIENTE+,2.0TD,-,0.0771617534246575,0.0086113150684931,0.0,0.0,0.0,0.0,0.361512903,0.31043905299999996,0.27181876299999996,0,0,0
CANARIAS,ACCIONA,FIJO,TRAMONTANA,2.0TD,-,0.071682301369863,0.0031318630136986,0.0,0.0,0.0,0.0,0.356437903,0.305364053,0.266743763,0,0,0
CANARIAS,ACCIONA,FIJO,TRAMONTANA+,2.0TD,-,0.0744220273972602,0.0058715890410958,0.0,0.0,0.0,0.0,0.356437903,0.305364053,0.266743763,0,0,0
BALEARES,ACCIONA,FIJO,CIERZO,2.0TD,-,0.0881206575342465,0.0195702191780821,0.0,0.0,0.0,0.0,0.356437903,0.305364053,0.266743763,0,0,0
BALEARES,ACCIONA,FIJO,LEVANTE,2.0TD,-,0.071682301369863,0.0031318630136986,0.0,0.0,0.0,0.0,0.367602903,0.31652905299999995,0.27790876299999995,0,0,0
BALEARES,ACCIONA,FIJO,LEVANTE+,2.0TD,-,0.082641205479452,0.0140907671232876,0.0,0.0,0.0,0.0,0.367602903,0.31652905299999995,0.27790876299999995,0,0,0
BALEARES,ACCIONA,FIJO,PONIENTE,2.0TD,-,0.071682301369863,0.0031318630136986,0.0,0.0,0.0,0.0,0.361512903,0.31043905299999996,0.27181876299999996,0,0,0
BALEARES,ACCIONA,FIJO,PONIENTE+,2.0TD,-,0.0771617534246575,0.0086113150684931,0.0,0.0,0.0,0.0,0.361512903,0.31043905299999996,0.27181876299999996,0,0,0
BALEARES,ACCIONA,FIJO,TRAMONTANA,2.0TD,-,0.0716821917808219,0.0031318630136986,0.0,0.0,0.0,0.0,0.356437903,0.305364053,0.266743763,0,0,0
BALEARES,ACCIONA,FIJO,TRAMONTANA+,2.0TD,-,0.0744220273972602,0.0058715890410958,0.0,0.0,0.0,0.0,0.356437903,0.305364053,0.266743763,0,0,0
PENINSULA,AEQ,FIJO,ARMONIA,2.0TD,3,0.071803,0.005528,0.0,0.0,0.0,0.0,0.265522,0.21194,0.175676,0,0,0
PENINSULA,AEQ,FIJO,EQUILIBRIO,2.0TD,3,0.081597,0.013542,0.0,0.0,0.0,0.0,0.265522,0.21194,0.175676,0,0,0
PENINSULA,AEQ,FIJO,SIMETRIA,2.0TD,3,0.092145,0.022172,0.0,0.0,0.0,0.0,0.265522,0.21194,0.175676,0,0,0
PENINSULA,AEQ,FIJO,ARMONIA,2.0TD,6,0.071803,0.005528,0.0,0.0,0.0,0.0,0.268522,0.21494,0.178676,0,0,0
PENINSULA,AEQ,FIJO,EQUILIBRIO,2.0TD,6,0.081597,0.013542,0.0,0.0,0.0,0.0,0.268522,0.21494,0.178676,0,0,0
PENINSULA,AEQ,FIJO,SIMETRIA,2.0TD,6,0.092145,0.022172,0.0,0.0,0.0,0.0,0.268522,0.21494,0.178676,0,0,0
PENINSULA,AEQ,FIJO,ARMONIA,2.0TD,8,0.071803,0.005528,0.0,0.0,0.0,0.0,0.270522,0.216904,0.180676,0,0,0
PENINSULA,AEQ,FIJO,EQUILIBRIO,2.0TD,8,0.081597,0.013542,0.0,0.0,0.0,0.0,0.270522,0.216904,0.180676,0,0,0
PENINSULA,AEQ,FIJO,SIMETRIA,2.0TD,8,0.092145,0.022172,0.0,0.0,0.0,0.0,0.270522,0.216904,0.180676,0,0,0
PENINSULA,AEQ,FIJO,ARMONIA,2.0TD,10,0.071803,0.005528,0.0,0.0,0.0,0.0,0.272522,0.21894,0.182676,0,0,0
PENINSULA,AEQ,FIJO,EQUILIBRIO,2.0TD,10,0.081597,0.013542,0.0,0.0,0.0,0.0,0.272522,0.21894,0.182676,0,0,0
PENINSULA,AEQ,FIJO,SIMETRIA,2.0TD,10,0.092145,0.022172,0.0,0.0,0.0,0.0,0.272522,0.21894,0.182676,0,0,0
PENINSULA,AEQ,FIJO,ARMONIA,2.0TD,15,0.071803,0.005528,0.0,0.0,0.0,0.0,0.277522,0.22394,0.187676,0,0,0
PENINSULA,AEQ,FIJO,EQUILIBRIO,2.0TD,15,0.081597,0.013542,0.0,0.0,0.0,0.0,0.277522,0.22394,0.187676,0,0,0
PENINSULA,AEQ,FIJO,SIMETRIA,2.0TD,15,0.092145,0.022172,0.0,0.0,0.0,0.0,0.277522,0.22394,0.187676,0,0,0
PENINSULA,AEQ,FIJO,ARMONIA,2.0TD,20,0.071803,0.005528,0.0,0.0,0.0,0.0,0.282522,0.22894,0.192676,0,0,0
PENINSULA,AEQ,FIJO,EQUILIBRIO,2.0TD,20,0.081597,0.013542,0.0,0.0,0.0,0.0,0.282522,0.22894,0.192676,0,0,0
PENINSULA,AEQ,FIJO,SIMETRIA,2.0TD,20,0.092145,0.022172,0.0,0.0,0.0,0.0,0.282522,0.22894,0.192676,0,0,0
PENINSULA,AEQ,FIJO,ARMONIA,2.0TD,25,0.071803,0.005528,0.0,0.0,0.0,0.0,0.287522,0.23394,0.197476,0,0,0
PENINSULA,AEQ,FIJO,EQUILIBRIO,2.0TD,25,0.081597,0.013542,0.0,0.0,0.0,0.0,0.287522,0.23394,0.197476,0,0,0
PENINSULA,AEQ,FIJO,SIMETRIA,2.0TD,25,0.092145,0.022172,0.0,0.0,0.0,0.0,0.287522,0.23394,0.197476,0,0,0
PENINSULA,AEQ,FIJO,ARMONIA,2.0TD,30,0.071803,0.005528,0.0,0.0,0.0,0.0,0.292522,0.23894,0.202676,0,0,0
PENINSULA,AEQ,FIJO,EQUILIBRIO,2.0TD,30,0.081597,0.013542,0.0,0.0,0.0,0.0,0.292522,0.23894,0.202676,0,0,0
PENINSULA,AEQ,FIJO,SIMETRIA,2.0TD,30,0.092145,0.022172,0.0,0.0,0.0,0.0,0.292522,0.23894,0.202676,0,0,0
CANARIAS,AEQ,FIJO,ARMONIA,2.0TD,3,0.071803,0.005528,0.0,0.0,0.0,0.0,0.274798,0.22063,0.184321,0,0,0
CANARIAS,AEQ,FIJO,EQUILIBRIO,2.0TD,3,0.081597,0.013542,0.0,0.0,0.0,0.0,0.274798,0.22063,0.184321,0,0,0
CANARIAS,AEQ,FIJO,SIMETRIA,2.0TD,3,0.092145,0.022172,0.0,0.0,0.0,0.0,0.274798,0.22063,0.184321,0,0,0
CANARIAS,AEQ,FIJO,ARMONIA,2.0TD,6,0.071803,0.005528,0.0,0.0,0.0,0.0,0.277798,0.22363,0.18732100000000002,0,0,0
CANARIAS,AEQ,FIJO,EQUILIBRIO,2.0TD,6,0.081597,0.013542,0.0,0.0,0.0,0.0,0.277798,0.22363,0.18732100000000002,0,0,0
CANARIAS,AEQ,FIJO,SIMETRIA,2.0TD,6,0.092145,0.022172,0.0,0.0,0.0,0.0,0.277798,0.22363,0.18732100000000002,0,0,0
CANARIAS,AEQ,FIJO,ARMONIA,2.0TD,8,0.071803,0.005528,0.0,0.0,0.0,0.0,0.279798,0.22563,0.18932100000000002,0,0,0
CANARIAS,AEQ,FIJO,EQUILIBRIO,2.0TD,8,0.081597,0.013542,0.0,0.0,0.0,0.0,0.279798,0.22563,0.18932100000000002,0,0,0
CANARIAS,AEQ,FIJO,SIMETRIA,2.0TD,8,0.092145,0.022172,0.0,0.0,0.0,0.0,0.279798,0.22563,0.18932100000000002,0,0,0
CANARIAS,AEQ,FIJO,ARMONIA,2.0TD,10,0.071803,0.005528,0.0,0.0,0.0,0.0,0.281798,0.22763,0.19132100000000002,0,0,0
CANARIAS,AEQ,FIJO,EQUILIBRIO,2.0TD,10,0.081597,0.013542,0.0,0.0,0.0,0.0,0.281798,0.22763,0.19132100000000002,0,0,0
CANARIAS,AEQ,FIJO,SIMETRIA,2.0TD,10,0.092145,0.022172,0.0,0.0,0.0,0.0,0.281798,0.22763,0.19132100000000002,0,0,0
CANARIAS,AEQ,FIJO,ARMONIA,2.0TD,15,0.071803,0.005528,0.0,0.0,0.0,0.0,0.286798,0.23263,0.19632100000000002,0,0,0
CANARIAS,AEQ,FIJO,EQUILIBRIO,2.0TD,15,0.081597,0.013542,0.0,0.0,0.0,0.0,0.286798,0.23263,0.19632100000000002,0,0,0
CANARIAS,AEQ,FIJO,SIMETRIA,2.0TD,15,0.092145,0.022172,0.0,0.0,0.0,0.0,0.286798,0.23263,0.19632100000000002,0,0,0
CANARIAS,AEQ,FIJO,ARMONIA,2.0TD,20,0.071803,0.005528,0.0,0.0,0.0,0.0,0.291798,0.23763,0.20132100000000003,0,0,0
CANARIAS,AEQ,FIJO,EQUILIBRIO,2.0TD,20,0.081597,0.013542,0.0,0.0,0.0,0.0,0.291798,0.23763,0.20132100000000003,0,0,0
CANARIAS,AEQ,FIJO,SIMETRIA,2.0TD,20,0.092145,0.022172,0.0,0.0,0.0,0.0,0.291798,0.23763,0.20132100000000003,0,0,0
CANARIAS,AEQ,FIJO,ARMONIA,2.0TD,25,0.071803,0.005528,0.0,0.0,0.0,0.0,0.296798,0.24263,0.20632100000000003,0,0,0
CANARIAS,AEQ,FIJO,EQUILIBRIO,2.0TD,25,0.081597,0.013542,0.0,0.0,0.0,0.0,0.296798,0.24263,0.20632100000000003,0,0,0
CANARIAS,AEQ,FIJO,SIMETRIA,2.0TD,25,0.092145,0.022172,0.0,0.0,0.0,0.0,0.296798,0.24263,0.20632100000000003,0,0,0
CANARIAS,AEQ,FIJO,ARMONIA,2.0TD,30,0.071803,0.005528,0.0,0.0,0.0,0.0,0.301798,0.24763000000000002,0.21132100000000004,0,0,0
CANARIAS,AEQ,FIJO,EQUILIBRIO,2.0TD,30,0.081597,0.013542,0.0,0.0,0.0,0.0,0.301798,0.24763000000000002,0.21132100000000004,0,0,0
CANARIAS,AEQ,FIJO,SIMETRIA,2.0TD,30,0.092145,0.022172,0.0,0.0,0.0,0.0,0.301798,0.24763000000000002,0.21132100000000004,0,0,0
BALEARES,AEQ,FIJO,ARMONIA,2.0TD,3,0.071803,0.005528,0.0,0.0,0.0,0.0,0.275408,0.220613,0.183749,0,0,0
BALEARES,AEQ,FIJO,EQUILIBRIO,2.0TD,3,0.081597,0.013542,0.0,0.0,0.0,0.0,0.275408,0.220613,0.183749,0,0,0
BALEARES,AEQ,FIJO,SIMETRIA,2.0TD,3,0.092145,0.022172,0.0,0.0,0.0,0.0,0.275408,0.220613,0.183749,0,0,0
BALEARES,AEQ,FIJO,ARMONIA,2.0TD,6,0.071803,0.005528,0.0,0.0,0.0,0.0,0.278408,0.223613,0.186749,0,0,0
BALEARES,AEQ,FIJO,EQUILIBRIO,2.0TD,6,0.081597,0.013542,0.0,0.0,0.0,0.0,0.278408,0.223613,0.186749,0,0,0
BALEARES,AEQ,FIJO,SIMETRIA,2.0TD,6,0.092145,0.022172,0.0,0.0,0.0,0.0,0.278408,0.223613,0.186749,0,0,0
BALEARES,AEQ,FIJO,ARMONIA,2.0TD,8,0.071803,0.005528,0.0,0.0,0.0,0.0,0.280408,0.225613,0.188749,0,0,0
BALEARES,AEQ,FIJO,EQUILIBRIO,2.0TD,8,0.081597,0.013542,0.0,0.0,0.0,0.0,0.280408,0.225613,0.188749,0,0,0
BALEARES,AEQ,FIJO,SIMETRIA,2.0TD,8,0.092145,0.022172,0.0,0.0,0.0,0.0,0.280408,0.225613,0.188749,0,0,0
BALEARES,AEQ,FIJO,ARMONIA,2.0TD,10,0.071803,0.005528,0.0,0.0,0.0,0.0,0.282408,0.227613,0.190749,0,0,0
BALEARES,AEQ,FIJO,EQUILIBRIO,2.0TD,10,0.081597,0.013542,0.0,0.0,0.0,0.0,0.282408,0.227613,0.190749,0,0,0
BALEARES,AEQ,FIJO,SIMETRIA,2.0TD,10,0.092145,0.022172,0.0,0.0,0.0,0.0,0.282408,0.227613,0.190749,0,0,0
BALEARES,AEQ,FIJO,ARMONIA,2.0TD,15,0.071803,0.005528,0.0,0.0,0.0,0.0,0.287408,0.23261300000000001,0.195749,0,0,0
BALEARES,AEQ,FIJO,EQUILIBRIO,2.0TD,15,0.081597,0.013542,0.0,0.0,0.0,0.0,0.287408,0.23261300000000001,0.195749,0,0,0
BALEARES,AEQ,FIJO,SIMETRIA,2.0TD,15,0.092145,0.022172,0.0,0.0,0.0,0.0,0.287408,0.23261300000000001,0.195749,0,0,0
BALEARES,AEQ,FIJO,ARMONIA,2.0TD,20,0.071803,0.005528,0.0,0.0,0.0,0.0,0.292408,0.23761300000000002,0.200749,0,0,0
BALEARES,AEQ,FIJO,EQUILIBRIO,2.0TD,20,0.081597,0.013542,0.0,0.0,0.0,0.0,0.292408,0.23761300000000002,0.200749,0,0,0
BALEARES,AEQ,FIJO,SIMETRIA,2.0TD,20,0.092145,0.022172,0.0,0.0,0.0,0.0,0.292408,0.23761300000000002,0.200749,0,0,0
BALEARES,AEQ,FIJO,ARMONIA,2.0TD,25,0.071803,0.005528,0.0,0.0,0.0,0.0,0.297408,0.24261300000000002,0.20574900000000002,0,0,0
BALEARES,AEQ,FIJO,EQUILIBRIO,2.0TD,25,0.081597,0.013542,0.0,0.0,0.0,0.0,0.297408,0.24261300000000002,0.20574900000000002,0,0,0
BALEARES,AEQ,FIJO,SIMETRIA,2.0TD,25,0.092145,0.022172,0.0,0.0,0.0,0.0,0.297408,0.24261300000000002,0.20574900000000002,0,0,0
BALEARES,AEQ,FIJO,ARMONIA,2.0TD,30,0.071803,0.005528,0.0,0.0,0.0,0.0,0.302408,0.24761300000000003,0.21074900000000002,0,0,0
BALEARES,AEQ,FIJO,EQUILIBRIO,2.0TD,30,0.081597,0.013542,0.0,0.0,0.0,0.0,0.302408,0.24761300000000003,0.21074900000000002,0,0,0
BALEARES,AEQ,FIJO,SIMETRIA,2.0TD,30,0.092145,0.022172,0.0,0.0,0.0,0.0,0.302408,0.24761300000000003,0.21074900000000002,0,0,0
PENINSULA,ELEIA,FIJO,BALANCE OF ENERGY 0,2.0TD,-,0.071682,0.071682,0.0,0.0,0.0,0.0,0.217,0.217,0.217,0,0,0
PENINSULA,ELEIA,FIJO,BALANCE OF ENERGY 1,2.0TD,-,0.071682,0.071682,0.0,0.0,0.0,0.0,0.201,0.201,0.201,0,0,0
PENINSULA,ELEIA,FIJO,BALANCE OF ENERGY 2,2.0TD,-,0.071682,0.071682,0.0,0.0,0.0,0.0,0.181,0.181,0.181,0,0,0
PENINSULA,ELEIA,FIJO,BALANCE OF ENERGY 3,2.0TD,-,0.071682,0.071682,0.0,0.0,0.0,0.0,0.161,0.161,0.161,0,0,0
PENINSULA,ELEIA,FIJO,SIMPLEX,2.0TD,-,0.069543,0.003679,0.0,0.0,0.0,0.0,0.244936,0.193112,0.151333,0,0,0
PENINSULA,ELEIA,FIJO,TU DECIDES 0,2.0TD,-,0.110639,0.044775,0.0,0.0,0.0,0.0,0.262936,0.211112,0.169333,0,0,0
PENINSULA,ELEIA,FIJO,TU DECIDES 1,2.0TD,-,0.105433,0.039569,0.0,0.0,0.0,0.0,0.259036,0.207212,0.165433,0,0,0
PENINSULA,ELEIA,FIJO,TU DECIDES 2,2.0TD,-,0.09694,0.031076,0.0,0.0,0.0,0.0,0.253936,0.202112,0.160333,0,0,0
PENINSULA,ELEIA,FIJO,TU DECIDES 3,2.0TD,-,0.083242,0.017378,0.0,0.0,0.0,0.0,0.249936,0.198112,0.156333,0,0,0
PENINSULA,ELEIA,FIJO,TU ELIGES 0,2.0TD,-,0.069543,0.003679,0.0,0.0,0.0,0.0,0.262936,0.211112,0.169333,0,0,0
PENINSULA,ELEIA,FIJO,TU ELIGES 1,2.0TD,-,0.069543,0.003679,0.0,0.0,0.0,0.0,0.259036,0.207212,0.165433,0,0,0
PENINSULA,ELEIA,FIJO,TU ELIGES 2,2.0TD,-,0.069543,0.003679,0.0,0.0,0.0,0.0,0.253936,0.202112,0.160333,0,0,0
PENINSULA,ELEIA,FIJO,TU ELIGES 3,2.0TD,-,0.069543,0.003679,0.0,0.0,0.0,0.0,0.249936,0.198112,0.156333,0,0,0
PENINSULA,ELEIA,FIJO,TU MEDIOAMBIENTE 0,2.0TD,-,0.0936,0.02505,0.0,0.0,0.0,0.0,0.33099,0.279166,0.237389,0,0,0
PENINSULA,ELEIA,FIJO,TU MEDIOAMBIENTE 1,2.0TD,-,0.08812,0.01957,0.0,0.0,0.0,0.0,0.31099,0.259166,0.217389,0,0,0
PENINSULA,ELEIA,FIJO,TU MEDIOAMBIENTE 2,2.0TD,-,0.082641,0.014091,0.0,0.0,0.0,0.0,0.30099,0.249166,0.207389,0,0,0
PENINSULA,ELEIA,FIJO,TU MEDIOAMBIENTE 3,2.0TD,-,0.077161,0.008611,0.0,0.0,0.0,0.0,0.29099,0.239166,0.197389,0,0,0
CANARIAS,ELEIA,FIJO,BALANCE OF ENERGY 0,2.0TD,-,0.071682,0.071682,0.0,0.0,0.0,0.0,0.217,0.217,0.217,0,0,0
CANARIAS,ELEIA,FIJO,BALANCE OF ENERGY 1,2.0TD,-,0.071682,0.071682,0.0,0.0,0.0,0.0,0.201,0.201,0.201,0,0,0
CANARIAS,ELEIA,FIJO,BALANCE OF ENERGY 2,2.0TD,-,0.071682,0.071682,0.0,0.0,0.0,0.0,0.181,0.181,0.181,0,0,0
CANARIAS,ELEIA,FIJO,BALANCE OF ENERGY 3,2.0TD,-,0.071682,0.071682,0.0,0.0,0.0,0.0,0.161,0.161,0.161,0,0,0
CANARIAS,ELEIA,FIJO,SIMPLEX,2.0TD,-,0.069543,0.003679,0.0,0.0,0.0,0.0,0.244936,0.193112,0.151333,0,0,0
CANARIAS,ELEIA,FIJO,TU DECIDES 0,2.0TD,-,0.110639,0.044775,0.0,0.0,0.0,0.0,0.262936,0.211112,0.169333,0,0,0
CANARIAS,ELEIA,FIJO,TU DECIDES 1,2.0TD,-,0.105433,0.039569,0.0,0.0,0.0,0.0,0.259036,0.207212,0.165433,0,0,0
CANARIAS,ELEIA,FIJO,TU DECIDES 2,2.0TD,-,0.09694,0.031076,0.0,0.0,0.0,0.0,0.253936,0.202112,0.160333,0,0,0
CANARIAS,ELEIA,FIJO,TU DECIDES 3,2.0TD,-,0.083242,0.017378,0.0,0.0,0.0,0.0,0.249936,0.198112,0.156333,0,0,0
CANARIAS,ELEIA,FIJO,TU ELIGES 0,2.0TD,-,0.069543,0.003679,0.0,0.0,0.0,0.0,0.262936,0.211112,0.169333,0,0,0
CANARIAS,ELEIA,FIJO,TU ELIGES 1,2.0TD,-,0.069543,0.003679,0.0,0.0,0.0,0.0,0.259036,0.207212,0.165433,0,0,0
CANARIAS,ELEIA,FIJO,TU ELIGES 2,2.0TD,-,0.069543,0.003679,0.0,0.0,0.0,0.0,0.253936,0.202112,0.160333,0,0,0
CANARIAS,ELEIA,FIJO,TU ELIGES 3,2.0TD,-,0.069543,0.003679,0.0,0.0,0.0,0.0,0.249936,0.198112,0.156333,0,0,0
CANARIAS,ELEIA,FIJO,TU MEDIOAMBIENTE 0,2.0TD,-,0.0936,0.02505,0.0,0.0,0.0,0.0,0.33099,0.279166,0.237389,0,0,0
CANARIAS,ELEIA,FIJO,TU MEDIOAMBIENTE 1,2.0TD,-,0.08812,0.01957,0.0,0.0,0.0,0.0,0.31099,0.259166,0.217389,0,0,0
CANARIAS,ELEIA,FIJO,TU MEDIOAMBIENTE 2,2.0TD,-,0.082641,0.014091,0.0,0.0,0.0,0.0,0.30099,0.249166,0.207389,0,0,0
CANARIAS,ELEIA,FIJO,TU MEDIOAMBIENTE 3,2.0TD,-,0.077161,0.008611,0.0,0.0,0.0,0.0,0.29099,0.239166,0.197389,0,0,0
BALEARES,ELEIA,FIJO,BALANCE OF ENERGY 0,2.0TD,-,0.071682,0.071682,0.0,0.0,0.0,0.0,0.217,0.217,0.217,0,0,0
BALEARES,ELEIA,FIJO,BALANCE OF ENERGY 1,2.0TD,-,0.071682,0.071682,0.0,0.0,0.0,0.0,0.201,0.201,0.201,0,0,0
BALEARES,ELEIA,FIJO,BALANCE OF ENERGY 2,2.0TD,-,0.071682,0.071682,0.0,0.0,0.0,0.0,0.181,0.181,0.181,0,0,0
BALEARES,ELEIA,FIJO,BALANCE OF ENERGY 3,2.0TD,-,0.071682,0.071682,0.0,0.0,0.0,0.0,0.161,0.161,0.161,0,0,0
BALEARES,ELEIA,FIJO,SIMPLEX,2.0TD,-,0.069543,0.003679,0.0,0.0,0.0,0.0,0.244936,0.193112,0.151333,0,0,0
BALEARES,ELEIA,FIJO,TU DECIDES 0,2.0TD,-,0.110639,0.044775,0.0,0.0,0.0,0.0,0.262936,0.211112,0.169333,0,0,0
BALEARES,ELEIA,FIJO,TU DECIDES 1,2.0TD,-,0.105433,0.039569,0.0,0.0,0.0,0.0,0.259036,0.207212,0.165433,0,0,0
BALEARES,ELEIA,FIJO,TU DECIDES 2,2.0TD,-,0.09694,0.031076,0.0,0.0,0.0,0.0,0.253936,0.202112,0.160333,0,0,0
BALEARES,ELEIA,FIJO,TU DECIDES 3,2.0TD,-,0.083242,0.017378,0.0,0.0,0.0,0.0,0.249936,0.198112,0.156333,0,0,0
BALEARES,ELEIA,FIJO,TU ELIGES 0,2.0TD,-,0.069543,0.003679,0.0,0.0,0.0,0.0,0.262936,0.211112,0.169333,0,0,0
BALEARES,ELEIA,FIJO,TU ELIGES 1,2.0TD,-,0.069543,0.003679,0.0,0.0,0.0,0.0,0.259036,0.207212,0.165433,0,0,0
BALEARES,ELEIA,FIJO,TU ELIGES 2,2.0TD,-,0.069543,0.003679,0.0,0.0,0.0,0.0,0.253936,0.202112,0.160333,0,0,0
BALEARES,ELEIA,FIJO,TU ELIGES 3,2.0TD,-,0.069543,0.003679,0.0,0.0,0.0,0.0,0.249936,0.198112,0.156333,0,0,0
BALEARES,ELEIA,FIJO,TU MEDIOAMBIENTE 0,2.0TD,-,0.0936,0.02505,0.0,0.0,0.0,0.0,0.33099,0.279166,0.237389,0,0,0
BALEARES,ELEIA,FIJO,TU MEDIOAMBIENTE 1,2.0TD,-,0.08812,0.01957,0.0,0.0,0.0,0.0,0.31099,0.259166,0.217389,0,0,0
BALEARES,ELEIA,FIJO,TU MEDIOAMBIENTE 2,2.0TD,-,0.082641,0.014091,0.0,0.0,0.0,0.0,0.30099,0.249166,0.207389,0,0,0
BALEARES,ELEIA,FIJO,TU MEDIOAMBIENTE 3,2.0TD,-,0.077161,0.008611,0.0,0.0,0.0,0.0,0.29099,0.239166,0.197389,0,0,0
PENINSULA,ENDESA,FIJO,OPEN(<15) PLANA,2.0TD,-,0.0951157419354838,0.0304911612903225,0.0,0.0,0.0,0.0,0.17629999999999998,0.17629999999999998,0.17629999999999998,0,0,0
PENINSULA,ENDESA,FIJO,TEMPO 24H,2.0TD,-,0.0951157419354838,0.0304911612903225,0.0,0.0,0.0,0.0,0.20274,0.20274,0.20274,0,0,0
PENINSULA,ENDESA,FIJO,TEMPO 24H CCPP,2.0TD,-,0.0951157419354838,0.0304911612903225,0.0,0.0,0.0,0.0,0.17658000000000001,0.17658000000000001,0.17658000000000001,0,0,0
PENINSULA,ENDESA,FIJO,TEMPO 3 PERIODOS,2.0TD,-,0.0951157419354838,0.0304911612903225,0.0,0.0,0.0,0.0,0.25203000000000003,0.20088,0.16647,0,0,0
PENINSULA,ENDESA,FIJO,TEMPO LIBRE,2.0TD,-,0.0978039032258064,0.0331793225806451,0.0,0.0,0.0,0.0,0.12948,0.12948,0.12948,0,0,0
CANARIAS,ENDESA,FIJO,OPEN(<15) PLANA,2.0TD,-,0.0951157419354838,0.0304911612903225,0.0,0.0,0.0,0.0,0.17629999999999998,0.17629999999999998,0.17629999999999998,0,0,0
CANARIAS,ENDESA,FIJO,TEMPO 24H,2.0TD,-,0.0951157419354838,0.0304911612903225,0.0,0.0,0.0,0.0,0.20274,0.20274,0.20274,0,0,0
CANARIAS,ENDESA,FIJO,TEMPO 24H CCPP,2.0TD,-,0.0951157419354838,0.0304911612903225,0.0,0.0,0.0,0.0,0.17658000000000001,0.17658000000000001,0.17658000000000001,0,0,0
CANARIAS,ENDESA,FIJO,TEMPO 3 PERIODOS,2.0TD,-,0.0951157419354838,0.0304911612903225,0.0,0.0,0.0,0.0,0.25203000000000003,0.20088,0.16647,0,0,0
CANARIAS,ENDESA,FIJO,TEMPO LIBRE,2.0TD,-,0.0978039032258064,0.0331793225806451,0.0,0.0,0.0,0.0,0.12948,0.12948,0.12948,0,0,0
BALEARES,ENDESA,FIJO,OPEN(<15) PLANA,2.0TD,-,0.0951157419354838,0.0304911612903225,0.0,0.0,0.0,0.0,0.17629999999999998,0.17629999999999998,0.17629999999999998,0,0,0
BALEARES,ENDESA,FIJO,TEMPO 24H,2.0TD,-,0.0951157419354838,0.0304911612903225,0.0,0.0,0.0,0.0,0.20274,0.20274,0.20274,0,0,0
BALEARES,ENDESA,FIJO,TEMPO 24H CCPP,2.0TD,-,0.0951157419354838,0.0304911612903225,0.0,0.0,0.0,0.0,0.17658000000000001,0.17658000000000001,0.17658000000000001,0,0,0
BALEARES,ENDESA,FIJO,TEMPO 3 PERIODOS,2.0TD,-,0.0951157419354838,0.0304911612903225,0.0,0.0,0.0,0.0,0.25203000000000003,0.20088,0.16647,0,0,0
BALEARES,ENDESA,FIJO,TEMPO LIBRE,2.0TD,-,0.0978039032258064,0.0331793225806451,0.0,0.0,0.0,0.0,0.12948,0.12948,0.12948,0,0,0
PENINSULA,ENELUZ,FIJO,EXCELLENT+ 1P,2.0TD,-,0.09247,0.030081,0.0,0.0,0.0,0.0,0.229062,0.229062,0.229062,0,0,0
PENINSULA,ENELUZ,FIJO,EXCELLENT+ 3P,2.0TD,-,0.09247,0.030081,0.0,0.0,0.0,0.0,0.273293,0.244579,0.18482,0,0,0
PENINSULA,EVOLVE,FIJO,GOLD,2.0TD,-,0.102419,0.036555,0.0,0.0,0.0,0.0,0.225338,0.225338,0.225338,0,0,0
CANARIAS,EVOLVE,FIJO,GOLD,2.0TD,-,0.102419,0.036555,0.0,0.0,0.0,0.0,0.225338,0.225338,0.225338,0,0,0
BALEARES,EVOLVE,FIJO,GOLD,2.0TD,-,0.102419,0.036555,0.0,0.0,0.0,0.0,0.225338,0.225338,0.225338,0,0,0
PENINSULA,FACTOR,FIJO,DOMESTICO_EXTRA1P,2.0TD,-,0.0866532712328767,0.0213045260273972,0.0,0.0,0.0,0.0,0.20502161380168749,0.20502161380168749,0.20502161380168749,0,0,0
PENINSULA,FACTOR,FIJO,DOMESTICO_EXTRA3P,2.0TD,-,0.0866532712328767,0.0213045260273972,0.0,0.0,0.0,0.0,0.25395132,0.19481775125,0.17938470150375002,0,0,0
PENINSULA,FACTOR,FIJO,DOMESTICO_MINI,2.0TD,-,0.0712602739726027,0.0712602739726027,0.0,0.0,0.0,0.0,0.175987,0.175987,0.175987,0,0,0
PENINSULA,FACTOR,FIJO,DOMESTICO_Precio WEB3P,2.0TD,-,0.0695426164383561,0.0036786657534246,0.0,0.0,0.0,0.0,0.25734074999999973,0.2188340012499996,0.17054515037499976,0,0,0
PENINSULA,FACTOR,FIJO,DOMESTICO_PRIME,2.0TD,-,0.0894477917808218,0.0243567999999999,0.0,0.0,0.0,0.0,0.23352161380168746,0.23352161380168746,0.23352161380168746,0,0,0
PENINSULA,FACTOR,FIJO,NEGOCIO_AHORRO,2.0TD,-,0.0695426164383561,0.0036786657534246,0.0,0.0,0.0,0.0,0.272892,0.206995,0.163707,0,0,0
PENINSULA,FACTOR,FIJO,NEGOCIO_AHORRO1P,2.0TD,-,0.0695426164383561,0.0036786657534246,0.0,0.0,0.0,0.0,0.20924211,0.20924211,0.20924211,0,0,0
PENINSULA,FACTOR,FIJO,NEGOCIO_EXTRA,2.0TD,-,0.089024605479452,0.0269723890410958,0.0,0.0,0.0,0.0,0.208419,0.1995849,0.189555,0,0,0
PENINSULA,FACTOR,FIJO,NEGOCIO_EXTRA1P,2.0TD,-,0.089024605479452,0.0269723890410958,0.0,0.0,0.0,0.0,0.19899788,0.19899788,0.19899788,0,0,0
PENINSULA,FACTOR,FIJO,NEGOCIO_EXTRAPLUS,2.0TD,-,0.0959119232876712,0.0272751306301369,0.0,0.0,0.0,0.0,0.246299,0.227959,0.21285500000000002,0,0,0
PENINSULA,FACTOR,FIJO,NEGOCIO_EXTRAPLUS1P,2.0TD,-,0.0959119232876712,0.0272751306301369,0.0,0.0,0.0,0.0,0.22730071999999998,0.22730071999999998,0.22730071999999998,0,0,0
PENINSULA,FACTOR,FIJO,NEGOCIO_EXTRATOP,2.0TD,-,0.0972437835616438,0.0351915671232876,0.0,0.0,0.0,0.0,0.21241900000000002,0.20358490000000004,0.19355500000000003,0,0,0
PENINSULA,FACTOR,FIJO,NEGOCIO_EXTRATOP1P,2.0TD,-,0.0972437835616438,0.0351915671232876,0.0,0.0,0.0,0.0,0.20299788,0.20299788,0.20299788,0,0,0
PENINSULA,FACTOR,FIJO,NEGOCIO_MINI1P,2.0TD,-,0.0712602739726027,0.0712602739726027,0.0,0.0,0.0,0.0,0.175987,0.175987,0.175987,0,0,0
PENINSULA,FACTOR,FIJO,NEGOCIO_PROFESIONAL,2.0TD,-,0.0854103863013698,0.0231346712328767,0.0,0.0,0.0,0.0,0.258942,0.19455500000000003,0.156695,0,0,0
PENINSULA,FACTOR,FIJO,NEGOCIO_PROFESIONAL1P,2.0TD,-,0.0854103863013698,0.0231346712328767,0.0,0.0,0.0,0.0,0.19861377,0.19861377,0.19861377,0,0,0
CANARIAS,FACTOR,FIJO,DOMESTICO_EXTRA1P,2.0TD,-,0.0866532712328767,0.0213045260273972,0.0,0.0,0.0,0.0,0.20502161380168749,0.20502161380168749,0.20502161380168749,0,0,0
CANARIAS,FACTOR,FIJO,DOMESTICO_EXTRA3P,2.0TD,-,0.0866532712328767,0.0213045260273972,0.0,0.0,0.0,0.0,0.25395132,0.19481775125,0.17938470150375002,0,0,0
CANARIAS,FACTOR,FIJO,DOMESTICO_MINI,2.0TD,-,0.0712602739726027,0.0712602739726027,0.0,0.0,0.0,0.0,0.175987,0.175987,0.175987,0,0,0
CANARIAS,FACTOR,FIJO,DOMESTICO_Precio WEB3P,2.0TD,-,0.0695426164383561,0.0036786657534246,0.0,0.0,0.0,0.0,0.25734074999999973,0.2188340012499996,0.17054515037499976,0,0,0
CANARIAS,FACTOR,FIJO,DOMESTICO_PRIME,2.0TD,-,0.0894477917808218,0.0243567999999999,0.0,0.0,0.0,0.0,0.23352161380168746,0.23352161380168746,0.23352161380168746,0,0,0
CANARIAS,FACTOR,FIJO,NEGOCIO_AHORRO,2.0TD,-,0.0695426164383561,0.0036786657534246,0.0,0.0,0.0,0.0,0.272892,0.206995,0.163707,0,0,0
CANARIAS,FACTOR,FIJO,NEGOCIO_AHORRO1P,2.0TD,-,0.0695426164383561,0.0036786657534246,0.0,0.0,0.0,0.0,0.20924211,0.20924211,0.20924211,0,0,0
CANARIAS,FACTOR,FIJO,NEGOCIO_EXTRA,2.0TD,-,0.089024605479452,0.0269723890410958,0.0,0.0,0.0,0.0,0.208419,0.1995849,0.189555,0,0,0
CANARIAS,FACTOR,FIJO,NEGOCIO_EXTRA1P,2.0TD,-,0.089024605479452,0.0269723890410958,0.0,0.0,0.0,0.0,0.19899788,0.19899788,0.19899788,0,0,0
CANARIAS,FACTOR,FIJO,NEGOCIO_EXTRAPLUS,2.0TD,-,0.0959119232876712,0.0272751306301369,0.0,0.0,0.0,0.0,0.246299,0.227959,0.21285500000000002,0,0,0
CANARIAS,FACTOR,FIJO,NEGOCIO_EXTRAPLUS1P,2.0TD,-,0.0959119232876712,0.0272751306301369,0.0,0.0,0.0,0.0,0.22730071999999998,0.22730071999999998,0.22730071999999998,0,0,0
CANARIAS,FACTOR,FIJO,NEGOCIO_EXTRATOP,2.0TD,-,0.0972437835616438,0.0351915671232876,0.0,0.0,0.0,0.0,0.21241900000000002,0.20358490000000004,0.19355500000000003,0,0,0
CANARIAS,FACTOR,FIJO,NEGOCIO_EXTRATOP1P,2.0TD,-,0.0972437835616438,0.0351915671232876,0.0,0.0,0.0,0.0,0.20299788,0.20299788,0.20299788,0,0,0
CANARIAS,FACTOR,FIJO,NEGOCIO_MINI1P,2.0TD,-,0.0712602739726027,0.0712602739726027,0.0,0.0,0.0,0.0,0.175987,0.175987,0.175987,0,0,0
CANARIAS,FACTOR,FIJO,NEGOCIO_PROFESIONAL,2.0TD,-,0.0854103863013698,0.0231346712328767,0.0,0.0,0.0,0.0,0.258942,0.19455500000000003,0.156695,0,0,0
CANARIAS,FACTOR,FIJO,NEGOCIO_PROFESIONAL1P,2.0TD,-,0.0854103863013698,0.0231346712328767,0.0,0.0,0.0,0.0,0.19861377,0.19861377,0.19861377,0,0,0
BALEARES,FACTOR,FIJO,DOMESTICO_EXTRA1P,2.0TD,-,0.0866532712328767,0.0213045260273972,0.0,0.0,0.0,0.0,0.20502161380168749,0.20502161380168749,0.20502161380168749,0,0,0
BALEARES,FACTOR,FIJO,DOMESTICO_EXTRA3P,2.0TD,-,0.0866532712328767,0.0213045260273972,0.0,0.0,0.0,0.0,0.25395132,0.19481775125,0.17938470150375002,0,0,0
BALEARES,FACTOR,FIJO,DOMESTICO_MINI,2.0TD,-,0.0712602739726027,0.0712602739726027,0.0,0.0,0.0,0.0,0.175987,0.175987,0.175987,0,0,0
BALEARES,FACTOR,FIJO,DOMESTICO_Precio WEB3P,2.0TD,-,0.0695426164383561,0.0036786657534246,0.0,0.0,0.0,0.0,0.25734074999999973,0.2188340012499996,0.17054515037499976,0,0,0
BALEARES,FACTOR,FIJO,DOMESTICO_PRIME,2.0TD,-,0.0894477917808218,0.0243567999999999,0.0,0.0,0.0,0.0,0.23352161380168746,0.23352161380168746,0.23352161380168746,0,0,0
BALEARES,FACTOR,FIJO,NEGOCIO_AHORRO,2.0TD,-,0.0695426164383561,0.0036786657534246,0.0,0.0,0.0,0.0,0.272892,0.206995,0.163707,0,0,0
BALEARES,FACTOR,FIJO,NEGOCIO_AHORRO1P,2.0TD,-,0.0695426164383561,0.0036786657534246,0.0,0.0,0.0,0.0,0.20924211,0.20924211,0.20924211,0,0,0
BALEARES,FACTOR,FIJO,NEGOCIO_EXTRA,2.0TD,-,0.089024605479452,0.0269723890410958,0.0,0.0,0.0,0.0,0.208419,0.1995849,0.189555,0,0,0
BALEARES,FACTOR,FIJO,NEGOCIO_EXTRA1P,2.0TD,-,0.089024605479452,0.0269723890410958,0.0,0.0,0.0,0.0,0.19899788,0.19899788,0.19899788,0,0,0
BALEARES,FACTOR,FIJO,NEGOCIO_EXTRAPLUS,2.0TD,-,0.0959119232876712,0.0272751306301369,0.0,0.0,0.0,0.0,0.246299,0.227959,0.21285500000000002,0,0,0
BALEARES,FACTOR,FIJO,NEGOCIO_EXTRAPLUS1P,2.0TD,-,0.0959119232876712,0.0272751306301369,0.0,0.0,0.0,0.0,0.22730071999999998,0.22730071999999998,0.22730071999999998,0,0,0
BALEARES,FACTOR,FIJO,NEGOCIO_EXTRATOP,2.0TD,-,0.0972437835616438,0.0351915671232876,0.0,0.0,0.0,0.0,0.21241900000000002,0.20358490000000004,0.19355500000000003,0,0,0
BALEARES,FACTOR,FIJO,NEGOCIO_EXTRATOP1P,2.0TD,-,0.0972437835616438,0.0351915671232876,0.0,0.0,0.0,0.0,0.20299788,0.20299788,0.20299788,0,0,0
BALEARES,FACTOR,FIJO,NEGOCIO_MINI1P,2.0TD,-,0.0712602739726027,0.0712602739726027,0.0,0.0,0.0,0.0,0.175987,0.175987,0.175987,0,0,0
BALEARES,FACTOR,FIJO,NEGOCIO_PROFESIONAL,2.0TD,-,0.0854103863013698,0.0231346712328767,0.0,0.0,0.0,0.0,0.258942,0.19455500000000003,0.156695,0,0,0
BALEARES,FACTOR,FIJO,NEGOCIO_PROFESIONAL1P,2.0TD,-,0.0854103863013698,0.0231346712328767,0.0,0.0,0.0,0.0,0.19861377,0.19861377,0.19861377,0,0,0
PENINSULA,GANA,FIJO,ONLINE TG,2.0TD,-,0.123,0.05,0.0,0.0,0.0,0.0,0.139,0.139,0.139,0,0,0
PENINSULA,GANA,FIJO,PRECIO ESTABLE TG,2.0TD,-,0.123,0.05,0.0,0.0,0.0,0.0,0.176,0.129,0.105,0,0,0
CANARIAS,GANA,FIJO,ONLINE TG,2.0TD,-,0.139,0.139,0.139,0.0,0.0,0.0,0.139,0.139,0.139,0,0,0
CANARIAS,GANA,FIJO,PRECIO ESTABLE TG,2.0TD,-,0.176,0.129,0.105,0.0,0.0,0.0,0.176,0.129,0.105,0,0,0
BALEARES,GANA,FIJO,ONLINE TG,2.0TD,-,0.139,0.139,0.139,0.0,0.0,0.0,0.139,0.139,0.139,0,0,0
BALEARES,GANA,FIJO,PRECIO ESTABLE TG,2.0TD,-,0.176,0.129,0.105,0.0,0.0,0.0,0.176,0.129,0.105,0,0,0
PENINSULA,IBERDROLA,FIJO,2.0<10kW PLAN ESTABLE,2.0TD,-,0.0945338739726027,0.0174731890410958,0.0,0.0,0.0,0.0,0.155916,0.155916,0.155916,0,0,0
PENINSULA,IBERDROLA,FIJO,2.0<10kW Plan Exclusivo 15%TE/TP 1p,2.0TD,-,0.0945338739726027,0.0174731890410958,0.0,0.0,0.0,0.0,0.20804175,0.20804175,0.20804175,0,0,0
PENINSULA,IBERDROLA,FIJO,2.0<10kW Plan Exclusivo 15%TE/TP 3p,2.0TD,-,0.0945338739726027,0.0174731890410958,0.0,0.0,0.0,0.0,0.22500944999999997,0.18793244999999997,0.1631371,0,0,0
PENINSULA,IBERDROLA,FIJO,2.0>10kW Plan Estable,2.0TD,-,0.0889827863013698,0.0145016191780821,0.0,0.0,0.0,0.0,0.157616,0.157616,0.157616,0,0,0
PENINSULA,IBERDROLA,FIJO,2.0>10kW Plan Exclusivo 15%TE/TP 1p,2.0TD,-,0.0810313430136986,0.0125914528767123,0.0,0.0,0.0,0.0,0.18538245,0.18538245,0.18538245,0,0,0
PENINSULA,IBERDROLA,FIJO,2.0>10kW Plan Exclusivo 15%TE/TP 3p,2.0TD,-,0.0810313430136986,0.0125914528767123,0.0,0.0,0.0,0.0,0.22500944999999997,0.18793244999999997,0.1631371,0,0,0
PENINSULA,IBERDROLA,FIJO,2.0>10kW Plan Exclusivo 26/30%TE 1p,2.0TD,-,0.0620298654246575,0.0083263543013698,0.0,0.0,0.0,0.0,0.29098579999999996,0.29098579999999996,0.29098579999999996,0,0,0
PENINSULA,IBERDROLA,FIJO,2.0>10kW Plan Exclusivo 26/30%TE 3p,2.0TD,-,0.0838241424657534,0.0112518301369863,0.0,0.0,0.0,0.0,0.35128309999999996,0.28435679999999997,0.2639875,0,0,0
PENINSULA,IBERDROLA,FIJO,PEH/API 2.0<10kW PLAN ESTABLE,2.0TD,-,0.0889827863013698,0.0145016191780821,0.0,0.0,0.0,0.0,0.146745,0.146745,0.146745,0,0,0
PENINSULA,IBERDROLA,FIJO,PEH/API 2.0<10kW Plan Exclusivo 15%TE/TP 1p,2.0TD,-,0.0810313430136986,0.0125914528767123,0.0,0.0,0.0,0.0,0.1744776,0.1744776,0.1744776,0,0,0
PENINSULA,IBERDROLA,FIJO,PEH/API 2.0<10kW Plan Exclusivo 15%TE/TP 3p,2.0TD,-,0.0810313430136986,0.0125914528767123,0.0,0.0,0.0,0.0,0.22500944999999997,0.18793244999999997,0.1631371,0,0,0
PENINSULA,IBERDROLA,FIJO,PEH/API 2.0>10kW Plan Estable,2.0TD,-,0.0889827863013698,0.0145016191780821,0.0,0.0,0.0,0.0,0.148345,0.148345,0.148345,0,0,0
PENINSULA,IBERDROLA,FIJO,PEH/API 2.0>10kW Plan Exclusivo 15%TE/TP 1p,2.0TD,-,0.0810313430136986,0.0125914528767123,0.0,0.0,0.0,0.0,0.17224640000000002,0.17224640000000002,0.17224640000000002,0,0,0
PENINSULA,IBERDROLA,FIJO,PEH/API 2.0>10kW Plan Exclusivo 15%TE/TP 3p,2.0TD,-,0.0810313430136986,0.0125914528767123,0.0,0.0,0.0,0.0,0.22500944999999997,0.18793244999999997,0.1631371,0,0,0
CANARIAS,IBERDROLA,FIJO,2.0<10kW PLAN ESTABLE,2.0TD,-,0.0945338739726027,0.0174731890410958,0.0,0.0,0.0,0.0,0.16303085,0.16303085,0.16303085,0,0,0
CANARIAS,IBERDROLA,FIJO,2.0<10kW Plan Exclusivo 15%TE/TP 1p,2.0TD,-,0.0945338739726027,0.0174731890410958,0.0,0.0,0.0,0.0,0.20804175,0.20804175,0.20804175,0,0,0
CANARIAS,IBERDROLA,FIJO,2.0<10kW Plan Exclusivo 15%TE/TP 3p,2.0TD,-,0.0945338739726027,0.0174731890410958,0.0,0.0,0.0,0.0,0.22500944999999997,0.18793244999999997,0.1631371,0,0,0
CANARIAS,IBERDROLA,FIJO,2.0>10kW Plan Estable,2.0TD,-,0.0889827863013698,0.0145016191780821,0.0,0.0,0.0,0.0,0.16473084999999998,0.16473084999999998,0.16473084999999998,0,0,0
CANARIAS,IBERDROLA,FIJO,2.0>10kW Plan Exclusivo 15%TE/TP 1p,2.0TD,-,0.0810313430136986,0.0125914528767123,0.0,0.0,0.0,0.0,0.18538245,0.18538245,0.18538245,0,0,0
CANARIAS,IBERDROLA,FIJO,2.0>10kW Plan Exclusivo 15%TE/TP 3p,2.0TD,-,0.0810313430136986,0.0125914528767123,0.0,0.0,0.0,0.0,0.22500944999999997,0.18793244999999997,0.1631371,0,0,0
CANARIAS,IBERDROLA,FIJO,2.0>10kW Plan Exclusivo 26/30%TE 1p,2.0TD,-,0.0620298654246575,0.0083263543013698,0.0,0.0,0.0,0.0,0.29098579999999996,0.29098579999999996,0.29098579999999996,0,0,0
CANARIAS,IBERDROLA,FIJO,2.0>10kW Plan Exclusivo 26/30%TE 3p,2.0TD,-,0.0838241424657534,0.0112518301369863,0.0,0.0,0.0,0.0,0.35128309999999996,0.28435679999999997,0.2639875,0,0,0
CANARIAS,IBERDROLA,FIJO,PEH/API 2.0<10kW PLAN ESTABLE,2.0TD,-,0.0889827863013698,0.0145016191780821,0.0,0.0,0.0,0.0,0.18189999999999998,0.18189999999999998,0.18189999999999998,0.18189999999999998,0.18189999999999998,0.18189999999999998
CANARIAS,IBERDROLA,FIJO,PEH/API 2.0<10kW Plan Exclusivo 15%TE/TP 1p,2.0TD,-,0.0810313430136986,0.0125914528767123,0.0,0.0,0.0,0.0,0.32805835,0.31963485,0.30274619999999997,0.2952696,0.2882928,0.28636755
CANARIAS,IBERDROLA,FIJO,PEH/API 2.0<10kW Plan Exclusivo 15%TE/TP 3p,2.0TD,-,0.0810313430136986,0.0125914528767123,0.0,0.0,0.0,0.0,0.38304484999999994,0.37489079999999997,0.35854274999999997,0.3511486,0.34473194999999995,0.33625489999999997
CANARIAS,IBERDROLA,FIJO,PEH/API 2.0>10kW Plan Estable,2.0TD,-,0.0889827863013698,0.0145016191780821,0.0,0.0,0.0,0.0,0.15344080000000002,0.15344080000000002,0.15344080000000002,0,0,0
CANARIAS,IBERDROLA,FIJO,PEH/API 2.0>10kW Plan Exclusivo 15%TE/TP 1p,2.0TD,-,0.0810313430136986,0.0125914528767123,0.0,0.0,0.0,0.0,0.1744776,0.1744776,0.1744776,0,0,0
CANARIAS,IBERDROLA,FIJO,PEH/API 2.0>10kW Plan Exclusivo 15%TE/TP 3p,2.0TD,-,0.0810313430136986,0.0125914528767123,0.0,0.0,0.0,0.0,0.22500944999999997,0.18793244999999997,0.1631371,0,0,0
BALEARES,IBERDROLA,FIJO,2.0<10kW PLAN ESTABLE,2.0TD,-,0.0945338739726027,0.0174731890410958,0.0,0.0,0.0,0.0,0.16303085,0.16303085,0.16303085,0,0,0
BALEARES,IBERDROLA,FIJO,2.0<10kW Plan Exclusivo 15%TE/TP 1p,2.0TD,-,0.0945338739726027,0.0174731890410958,0.0,0.0,0.0,0.0,0.20804175,0.20804175,0.20804175,0,0,0
BALEARES,IBERDROLA,FIJO,2.0<10kW Plan Exclusivo 15%TE/TP 3p,2.0TD,-,0.0945338739726027,0.0174731890410958,0.0,0.0,0.0,0.0,0.22500944999999997,0.18793244999999997,0.1631371,0,0,0
BALEARES,IBERDROLA,FIJO,2.0>10kW Plan Estable,2.0TD,-,0.0889827863013698,0.0145016191780821,0.0,0.0,0.0,0.0,0.16473084999999998,0.16473084999999998,0.16473084999999998,0,0,0
BALEARES,IBERDROLA,FIJO,2.0>10kW Plan Exclusivo 15%TE/TP 1p,2.0TD,-,0.0810313430136986,0.0125914528767123,0.0,0.0,0.0,0.0,0.18538245,0.18538245,0.18538245,0,0,0
BALEARES,IBERDROLA,FIJO,2.0>10kW Plan Exclusivo 15%TE/TP 3p,2.0TD,-,0.0810313430136986,0.0125914528767123,0.0,0.0,0.0,0.0,0.22500944999999997,0.18793244999999997,0.1631371,0,0,0
BALEARES,IBERDROLA,FIJO,2.0>10kW Plan Exclusivo 26/30%TE 1p,2.0TD,-,0.0620298654246575,0.0083263543013698,0.0,0.0,0.0,0.0,0.29098579999999996,0.29098579999999996,0.29098579999999996,0,0,0
BALEARES,IBERDROLA,FIJO,2.0>10kW Plan Exclusivo 26/30%TE 3p,2.0TD,-,0.0838241424657534,0.0112518301369863,0.0,0.0,0.0,0.0,0.35128309999999996,0.28435679999999997,0.2639875,0,0,0
BALEARES,IBERDROLA,FIJO,PEH/API 2.0<10kW PLAN ESTABLE,2.0TD,-,0.0889827863013698,0.0145016191780821,0.0,0.0,0.0,0.0,0.15344080000000002,0.15344080000000002,0.15344080000000002,0,0,0
BALEARES,IBERDROLA,FIJO,PEH/API 2.0<10kW Plan Exclusivo 15%TE/TP 1p,2.0TD,-,0.0810313430136986,0.0125914528767123,0.0,0.0,0.0,0.0,0.1744776,0.1744776,0.1744776,0,0,0
BALEARES,IBERDROLA,FIJO,PEH/API 2.0<10kW Plan Exclusivo 15%TE/TP 3p,2.0TD,-,0.0810313430136986,0.0125914528767123,0.0,0.0,0.0,0.0,0.22500944999999997,0.18793244999999997,0.1631371,0,0,0
BALEARES,IBERDROLA,FIJO,PEH/API 2.0>10kW Plan Estable,2.0TD,-,0.0889827863013698,0.0145016191780821,0.0,0.0,0.0,0.0,0.1550408,0.1550408,0.1550408,0,0,0
BALEARES,IBERDROLA,FIJO,PEH/API 2.0>10kW Plan Exclusivo 15%TE/TP 1p,2.0TD,-,0.0810313430136986,0.0125914528767123,0.0,0.0,0.0,0.0,0.17224640000000002,0.17224640000000002,0.17224640000000002,0,0,0
BALEARES,IBERDROLA,FIJO,PEH/API 2.0>10kW Plan Exclusivo 15%TE/TP 3p,2.0TD,-,0.0810313430136986,0.0125914528767123,0.0,0.0,0.0,0.0,0.22500944999999997,0.18793244999999997,0.1631371,0,0,0
PENINSULA,NATURGY,FIJO,RESIDENCIAL POR USO LUZ LOYAL,2.0TD,-,0.09737,0.031506,0.0,0.0,0.0,0.0,0.1255,0.1255,0.1255,0,0,0
PENINSULA,NATURGY,FIJO,RESIDENCIAL NOCHE LUZ,2.0TD,-,0.094086,0.028222,0.0,0.0,0.0,0.0,0.1922,0.1373,0.09,0,0,0
PENINSULA,NATURGY,FIJO,RESIDENCIAL POR USO LUZ,2.0TD,-,0.094086,0.028222,0.0,0.0,0.0,0.0,0.1299,0.1299,0.1299,0,0,0
CANARIAS,NATURGY,FIJO,RESIDENCIAL POR USO LUZ LOYAL,2.0TD,-,0.09737,0.031506,0.0,0.0,0.0,0.0,0.1255,0.1255,0.1255,0,0,0
CANARIAS,NATURGY,FIJO,RESIDENCIAL NOCHE LUZ,2.0TD,-,0.094086,0.028222,0.0,0.0,0.0,0.0,0.1922,0.1373,0.09,0,0,0
CANARIAS,NATURGY,FIJO,RESIDENCIAL POR USO LUZ,2.0TD,-,0.094086,0.028222,0.0,0.0,0.0,0.0,0.1299,0.1299,0.1299,0,0,0
PENINSULA,PLENITUDE,FIJO,FACIL MILAN,2.0TD,-,0.082641,0.036009,0.0,0.0,0.0,0.0,0.238867,0.238867,0.238867,0,0,0
PENINSULA,PLENITUDE,FIJO,FACIL NAPOLES ,2.0TD,-,0.082641,0.030529,0.0,0.0,0.0,0.0,0.216867,0.216867,0.216867,0,0,0
PENINSULA,PLENITUDE,FIJO,FACIL ROMA ,2.0TD,-,0.082641,0.030529,0.0,0.0,0.0,0.0,0.223867,0.223867,0.223867,0,0,0
PENINSULA,PLENITUDE,FIJO,FACIL VENECIA,2.0TD,-,0.082641,0.036009,0.0,0.0,0.0,0.0,0.233867,0.233867,0.233867,0,0,0
PENINSULA,PLENITUDE,FIJO,MILAN,2.0TD,-,0.082641,0.030529,0.0,0.0,0.0,0.0,0.298105,0.237959,0.214542,0,0,0
PENINSULA,PLENITUDE,FIJO,NAPOLES,2.0TD,-,0.071682,0.014091,0.0,0.0,0.0,0.0,0.290105,0.229959,0.206542,0,0,0
PENINSULA,PLENITUDE,FIJO,ROMA,2.0TD,-,0.071682,0.014091,0.0,0.0,0.0,0.0,0.293105,0.232959,0.209542,0,0,0
PENINSULA,PLENITUDE,FIJO,VENECIA,2.0TD,-,0.082641,0.030529,0.0,0.0,0.0,0.0,0.295105,0.234959,0.211542,0,0,0
PENINSULA,TOTAL,FIJO,CLASICA,2.0TD,-,0.0695427397260274,0.0036786301369863,0.0,0.0,0.0,0.0,0.228117,0.17533,0.153505,0,0,0
PENINSULA,TOTAL,FIJO,CLASICA ETOP,2.0TD,-,0.104,0.038,0.0,0.0,0.0,0.0,0.204265,0.151478,0.129653,0,0,0
PENINSULA,TOTAL,FIJO,CLASICA ETOP UNICA,2.0TD,-,0.104,0.038,0.0,0.0,0.0,0.0,0.15793,0.15793,0.15793,0,0,0
PENINSULA,TOTAL,FIJO,CLASICA LIBRE >5001,2.0TD,-,0.0695427397260274,0.0036786301369863,0.0,0.0,0.0,0.0,0.234617,0.18183,0.16005,0,0,0
PENINSULA,TOTAL,FIJO,CLASICA LIBRE 0-1500,2.0TD,-,0.0695427397260274,0.0036786301369863,0.0,0.0,0.0,0.0,0.242117,0.18933,0.167505,0,0,0
PENINSULA,TOTAL,FIJO,CLASICA LIBRE 1501-3000,2.0TD,-,0.0695427397260274,0.0036786301369863,0.0,0.0,0.0,0.0,0.240117,0.18733,0.165505,0,0,0
PENINSULA,TOTAL,FIJO,CLASICA LIBRE 3001-5000,2.0TD,-,0.0695427397260274,0.0036786301369863,0.0,0.0,0.0,0.0,0.234617,0.18183,0.160005,0,0,0
PENINSULA,TOTAL,FIJO,CLASICA LIBRE UNICA >5001,2.0TD,-,0.0695427397260274,0.0036786301369863,0.0,0.0,0.0,0.0,0.188282,0.188282,0.188282,0,0,0
PENINSULA,TOTAL,FIJO,CLASICA LIBRE UNICA 0-1500,2.0TD,-,0.0695427397260274,0.0036786301369863,0.0,0.0,0.0,0.0,0.195782,0.195782,0.195782,0,0,0
PENINSULA,TOTAL,FIJO,CLASICA LIBRE UNICA 1501-3000,2.0TD,-,0.0695427397260274,0.0036786301369863,0.0,0.0,0.0,0.0,0.193782,0.193782,0.193782,0,0,0
PENINSULA,TOTAL,FIJO,CLASICA LIBRE UNICA 3001-5000,2.0TD,-,0.0695427397260274,0.0036786301369863,0.0,0.0,0.0,0.0,0.188282,0.188282,0.188282,0,0,0
PENINSULA,TOTAL,FIJO,CLASICA TE1,2.0TD,-,0.081,0.015,0.0,0.0,0.0,0.0,0.238117,0.18533,0.163505,0,0,0
PENINSULA,TOTAL,FIJO,CLASICA TE1 UNICA,2.0TD,-,0.081,0.015,0.0,0.0,0.0,0.0,0.191782,0.191782,0.191782,0,0,0
PENINSULA,TOTAL,FIJO,CLASICA TE2,2.0TD,-,0.086,0.02,0.0,0.0,0.0,0.0,0.241117,0.18833,0.166505,0,0,0
PENINSULA,TOTAL,FIJO,CLASICA TE2 UNICA,2.0TD,-,0.086,0.02,0.0,0.0,0.0,0.0,0.194782,0.194782,0.194782,0,0,0
PENINSULA,TOTAL,FIJO,CLASICA TE3,2.0TD,-,0.089,0.023,0.0,0.0,0.0,0.0,0.242117,0.18933,0.167505,0,0,0
PENINSULA,TOTAL,FIJO,CLASICA TE3 UNICA,2.0TD,-,0.089,0.023,0.0,0.0,0.0,0.0,0.195782,0.195782,0.195782,0,0,0
PENINSULA,TOTAL,FIJO,CLASICA TE4,2.0TD,-,0.094,0.028,0.0,0.0,0.0,0.0,0.246117,0.19333,0.171505,0,0,0
PENINSULA,TOTAL,FIJO,CLASICA TE4 UNICA,2.0TD,-,0.094,0.028,0.0,0.0,0.0,0.0,0.199782,0.199782,0.199782,0,0,0
PENINSULA,TOTAL,FIJO,CLASICA TE5,2.0TD,-,0.1,0.034,0.0,0.0,0.0,0.0,0.258117,0.20533,0.183505,0,0,0
PENINSULA,TOTAL,FIJO,CLASICA TE5 UNICA,2.0TD,-,0.1,0.034,0.0,0.0,0.0,0.0,0.211782,0.211782,0.211782,0,0,0
CANARIAS,TOTAL,FIJO, CLASICA LIBRE >5001,2.0TD,-,0.0695427397260274,0.0695427397260274,0.0,0.0,0.0,0.0,0.236987,0.184214,0.162439,0,0,0
CANARIAS,TOTAL,FIJO, CLASICA LIBRE 0-1500,2.0TD,-,0.0695427397260274,0.0695427397260274,0.0,0.0,0.0,0.0,0.244487,0.191714,0.169939,0,0,0
CANARIAS,TOTAL,FIJO, CLASICA LIBRE 1501-3000,2.0TD,-,0.0695427397260274,0.0695427397260274,0.0,0.0,0.0,0.0,0.242487,0.189714,0.167939,0,0,0
CANARIAS,TOTAL,FIJO, CLASICA LIBRE 3001-5000,2.0TD,-,0.0695427397260274,0.0695427397260274,0.0,0.0,0.0,0.0,0.236987,0.184214,0.162439,0,0,0
CANARIAS,TOTAL,FIJO, CLASICA SNP,2.0TD,-,0.0695427397260274,0.0036786301369863,0.0,0.0,0.0,0.0,0.230487,0.177714,0.155939,0,0,0
CANARIAS,TOTAL,FIJO, CLASICA SNP TE3,2.0TD,-,0.089,0.023,0.0,0.0,0.0,0.0,0.244487,0.191714,0.169939,0,0,0
BALEARES,TOTAL,FIJO, CLASICA LIBRE >5001,2.0TD,-,0.0695427397260274,0.0695427397260274,0.0,0.0,0.0,0.0,0.236987,0.184214,0.162439,â€•,0,0
BALEARES,TOTAL,FIJO, CLASICA LIBRE 0-1500,2.0TD,-,0.0695427397260274,0.0695427397260274,0.0,0.0,0.0,0.0,0.244487,0.191714,0.169939,0,0,0
BALEARES,TOTAL,FIJO, CLASICA LIBRE 1501-3000,2.0TD,-,0.0695427397260274,0.0695427397260274,0.0,0.0,0.0,0.0,0.242487,0.189714,0.167939,0,0,0
BALEARES,TOTAL,FIJO, CLASICA LIBRE 3001-5000,2.0TD,-,0.0695427397260274,0.0695427397260274,0.0,0.0,0.0,0.0,0.236987,0.184214,0.162439,0,0,0
BALEARES,TOTAL,FIJO, CLASICA SNP,2.0TD,-,0.0695427397260274,0.0036786301369863,0.0,0.0,0.0,0.0,0.230487,0.177714,0.155939,0,0,0
BALEARES,TOTAL,FIJO, CLASICA SNP TE3,2.0TD,-,0.089,0.023,0.0,0.0,0.0,0.0,0.244487,0.191714,0.169939,0,0,0
BALEARES,NATURGY,FIJO,RESIDENCIAL POR USO LUZ LOYAL,2.0TD,-,0.09737,0.031506,0.0,0.0,0.0,0.0,0.1255,0.1255,0.1255,0,0,0
BALEARES,NATURGY,FIJO,RESIDENCIAL NOCHE LUZ,2.0TD,-,0.094086,0.028222,0.0,0.0,0.0,0.0,0.1922,0.1373,0.09,0,0,0
BALEARES,NATURGY,FIJO,RESIDENCIAL POR USO LUZ,2.0TD,-,0.094086,0.028222,0.0,0.0,0.0,0.0,0.1299,0.1299,0.1299,0,0,0
PENINSULA,EVOLVE,FIJO,SILVER,2.0TD,-,0.088721,0.055733,0.0,0.0,0.0,0.0,0.239359,0.239359,0.239359,0,0,0
CANARIAS,EVOLVE,FIJO,SILVER,2.0TD,-,0.088721,0.055733,0.0,0.0,0.0,0.0,0.239359,0.239359,0.239359,0,0,0
BALEARES,EVOLVE,FIJO,SILVER,2.0TD,-,0.088721,0.055733,0.0,0.0,0.0,0.0,0.239359,0.239359,0.239359,0,0,0
PENINSULA,ADI,FIJO,PROFESIONAL,2.0TD,-,0.0695426164383561,0.0036786657534246,0.0,0.0,0.0,0.0,0.238582,0.187948,0.163331,0,0,0
PENINSULA,ADI,FIJO,LOVE PLANA 24H,2.0TD,-,0.083241247,0.085870447,0.0,0.0,0.0,0.0,0.206772,0.206772,0.206772,0,0,0
PENINSULA,ADI,FIJO,PLANA 24H,2.0TD,-,0.077761795,0.072171816,0.0,0.0,0.0,0.0,0.216772,0.216772,0.216772,0,0,0
PENINSULA,ADI,FIJO,RESIDENCIAL PROMOCIONAL SVE,2.0TD,-,0.0904109589041095,0.0904109589041095,0.0,0.0,0.0,0.0,0.14899,0.14899,0.14899,0,0,0
PENINSULA,ADI,FIJO,ADI CLARA<10KW,2.0TD,-,0.0805015205479452,0.0447745561643835,0.0,0.0,0.0,0.0,0.258546,0.207874,0.18325,0,0,0
PENINSULA,ADI,FIJO,ADI CLARA,2.0TD,-,0.0805015205479452,0.0447745561643835,0.0,0.0,0.0,0.0,0.258546,0.207874,0.18325,0,0,0
PENINSULA,ADI,FIJO,ECO ADI,2.0TD,-,0.085980973,0.072171816,0.0,0.0,0.0,0.0,0.269459,0.218841,0.194672,0,0,0
PENINSULA,ADI,FIJO,RESIDENCIAL ESPECIAL,2.0TD,-,0.135186,0.135186,0.0,0.0,0.0,0.0,0.165071,0.165071,0.165071,0,0,0
PENINSULA,ADI,FIJO,ADI SENCILLA,2.0TD,-,0.075022068,0.0283362,0.0,0.0,0.0,0.0,0.253546,0.202874,0.17825,0,0,0
